rootfile,mppc_board,mppc_ch,led_run,ped_run,mppc_hv,led_hv,chi2,ndf,q1,q1_err,pxt,pxt_err
spe_result_ped407_led404_board0.root,0,0,404,407,58.0,1.18,287.3951785132934,195,11.965547257271494,0.07110459008749359,0.5918455104063293,0.012450787441091515
spe_result_ped407_led404_board1.root,1,0,404,407,58.0,1.18,295.9945227708337,186,11.181863279682233,0.05576650631042224,0.6812120209209437,0.011454385185869442
spe_result_ped407_led404_board2.root,2,0,404,407,58.0,1.18,339.67928070275036,159,9.412641639159695,0.0662500660444234,0.6391483531713364,0.014899100159408873
spe_result_ped407_led404_board3.root,3,0,404,407,58.0,1.18,267.63373086787715,158,10.696967771798693,0.06449701967222143,0.4981339391209448,0.011227753336749607
spe_result_ped407_led405_board0.root,0,0,405,407,58.0,1.19,525.6712921095253,229,12.459533574570592,0.06952393242820332,0.462605432231158,0.010965698770920462
spe_result_ped407_led405_board1.root,1,0,405,407,58.0,1.19,569.039536330929,198,11.559229643289994,0.0581316638246312,0.5353139360305021,0.011060427048539268
spe_result_ped407_led405_board2.root,2,0,405,407,58.0,1.19,587.3144123302587,179,9.901972457327338,0.06046644073552354,0.42548208610078175,0.011539940516504837
spe_result_ped407_led405_board3.root,3,0,405,407,58.0,1.19,345.1951144086934,189,10.938448997766606,0.059205513413437494,0.38595198606489434,0.011024948382745231
spe_result_ped407_led406_board0.root,0,0,406,407,58.0,1.17,263.03429899727655,172,12.052830331365504,0.07363455755026127,0.6696912763573121,0.012788938600135968
spe_result_ped407_led406_board1.root,1,0,406,407,58.0,1.17,318.9193453861172,171,11.29788468847653,0.07466219560550247,0.7172580135306769,0.01271853491928393
spe_result_ped407_led406_board2.root,2,0,406,407,58.0,1.17,139.40872721561487,136,9.436781702733787,0.06492165624741464,0.720671863306474,0.03199970755144582
spe_result_ped407_led406_board3.root,3,0,406,407,58.0,1.17,172.15187444161603,142,10.740965719209376,0.08886196160464621,0.5540848447038752,0.013528923417176153
spe_result_ped412_led409_board0.root,0,1,409,412,58.0,1.17,198.7057053483448,181,12.016877720862725,0.0725233164620942,0.6941676625522462,0.013986767308574788
spe_result_ped412_led409_board1.root,1,1,409,412,58.0,1.17,208.5799455249721,164,10.979634088740228,0.07589086264804923,0.6554199789828116,0.01325963758735449
spe_result_ped412_led409_board2.root,2,1,409,412,58.0,1.17,168.1274432166598,148,9.670319650944533,0.0657726459554624,0.6645368609836759,0.014091884648829933
spe_result_ped412_led409_board3.root,3,1,409,412,58.0,1.17,139.0391715411681,149,10.68497410132358,0.08058232064030868,0.5580778151506939,0.01329191498156862
spe_result_ped412_led410_board0.root,0,1,410,412,58.0,1.18,369.6884763443412,204,11.883033087362515,1.7275016369717884,0.5807112807596303,0.6999127278903761
spe_result_ped412_led410_board1.root,1,1,410,412,58.0,1.18,351.39480880569346,198,10.91827793645383,0.06017487755057349,0.6017249145394007,0.013023288404755362
spe_result_ped412_led410_board2.root,2,1,410,412,58.0,1.18,385.9651652868184,173,9.704883833725036,0.04960593804961633,0.5677069186558255,0.012186780041169076
spe_result_ped412_led410_board3.root,3,1,410,412,58.0,1.18,299.07481426999095,171,10.680857961756482,0.07251055304586185,0.45783830091893496,0.013177897468317101
spe_result_ped412_led411_board0.root,0,1,411,412,58.0,1.16,242.83932478731458,156,12.099999986291573,0.03829921900598787,0.7215942217508494,0.011611045833316291
spe_result_ped412_led411_board1.root,1,1,411,412,58.0,1.16,238.0683586307356,141,10.99999999996751,0.01536266169689604,0.7364664436207302,0.011848706702838718
spe_result_ped412_led411_board2.root,2,1,411,412,58.0,1.16,270.6938742365272,132,9.839408400973582,0.08092405315980855,0.678701172168029,0.014443293986644068
spe_result_ped412_led411_board3.root,3,1,411,412,58.0,1.16,256.4408678994774,131,10.697455902440325,0.08054334273376895,0.643050019285757,0.014599842505955252
spe_result_ped417_led414_board0.root,0,2,414,417,58.0,1.165,224.82871911469744,162,11.639651137249484,0.07374682362531537,0.6441375142589254,0.012030493078190485
spe_result_ped417_led414_board1.root,1,2,414,417,58.0,1.165,303.53940436036703,171,11.259440982188615,0.06678253111597332,0.7469756295077484,0.0147008404271593
spe_result_ped417_led414_board2.root,2,2,414,417,58.0,1.165,306.72933376999947,170,10.087969932355266,0.06135940770076065,0.7179107072272481,0.011941532866460824
spe_result_ped417_led414_board3.root,3,2,414,417,58.0,1.165,169.64741007551527,144,10.375205003786833,0.08305617039013313,0.5320080535716575,0.013049429868086382
spe_result_ped417_led415_board0.root,0,2,415,417,58.0,1.17,190.0653115418428,171,11.470358144964916,0.08242904999761702,0.628462228407132,0.013897810598522353
spe_result_ped417_led415_board1.root,1,2,415,417,58.0,1.17,227.7329450989754,179,11.193055869996085,0.04944271632641595,0.7056404981679095,0.012007537551126823
spe_result_ped417_led415_board2.root,2,2,415,417,58.0,1.17,256.3327368391174,169,9.959622260623675,0.06640534341696025,0.6851608994649016,0.014405227830841583
spe_result_ped417_led415_board3.root,3,2,415,417,58.0,1.17,224.11590445611253,156,10.470294095428914,0.07575221063178095,0.4936013345316772,0.013452209213252464
spe_result_ped417_led416_board0.root,0,2,416,417,58.0,1.16,246.64126414443726,152,11.805706133203522,0.09632921818057927,0.6439870896335124,0.013530839509069359
spe_result_ped417_led416_board1.root,1,2,416,417,58.0,1.16,292.8927949776394,162,11.337983908264246,0.07098733787402178,0.7452389275280653,0.015029027035209808
spe_result_ped417_led416_board2.root,2,2,416,417,58.0,1.16,353.0622894325081,154,10.1312067631064,0.06869335812984723,0.7279999336935838,0.013657908170886468
spe_result_ped417_led416_board3.root,3,2,416,417,58.0,1.16,148.8232440456742,130,10.482677746164061,0.0843917314551792,0.5741838947209532,0.012966660792105622
spe_result_ped422_led419_board0.root,0,3,419,422,58.0,1.155,356.52624485199834,155,12.334245597083013,0.10391176668987878,0.7209167109468209,0.015249282813960707
spe_result_ped422_led419_board1.root,1,3,419,422,58.0,1.155,274.56616744506664,147,11.351850422190711,0.0775361999594093,0.7461659877821316,0.017087252065324243
spe_result_ped422_led419_board2.root,2,3,419,422,58.0,1.155,228.45304141694191,154,10.084727447193389,0.1008010825771013,0.7878591222747094,0.017221180497832833
spe_result_ped422_led419_board3.root,3,3,419,422,58.0,1.155,110.82260882919016,124,10.779360411603406,0.10190466288996447,0.5265650682993077,0.014616274798426032
spe_result_ped422_led420_board0.root,0,3,420,422,58.0,1.16,201.06455092817902,168,12.099999986513012,0.09023080842006159,0.7299001654779171,0.011714485456202184
spe_result_ped422_led420_board1.root,1,3,420,422,58.0,1.16,230.1724901054284,161,11.267505874808771,0.07763077155297538,0.7434559987277993,0.014590490059074424
spe_result_ped422_led420_board2.root,2,3,420,422,58.0,1.16,181.50866841082444,159,9.923693410279137,0.09289329941799451,0.730322439024423,0.01830377509443598
spe_result_ped422_led420_board3.root,3,3,420,422,58.0,1.16,158.88566153503396,127,10.67034171096098,0.07430658775682453,0.5247507827958479,0.012924909816064756
spe_result_ped422_led421_board0.root,0,3,421,422,58.0,1.165,167.78096914312545,180,12.100018313172482,0.10388786030815123,0.7009894238380139,0.017744276165805095
spe_result_ped422_led421_board1.root,1,3,421,422,58.0,1.165,193.87204833142974,162,11.351758507564806,0.0745399605138255,0.6706504883450523,0.013806727450550338
spe_result_ped422_led421_board2.root,2,3,421,422,58.0,1.165,227.73786209233413,160,9.700179755024068,0.08379191823084398,0.7209153633679242,0.019733520815308325
spe_result_ped422_led421_board3.root,3,3,421,422,58.0,1.165,140.12684592985198,141,10.791675408480826,0.0733500343927389,0.4849359894918089,0.012856118699050761
spe_result_ped427_led424_board0.root,0,4,424,427,58.0,1.175,172.44495291976247,182,12.028121630482715,0.0946922442764695,0.6578591679969927,0.014947140465284281
spe_result_ped427_led424_board1.root,1,4,424,427,58.0,1.175,222.10148388667406,175,10.925991658591798,0.0798311852848208,0.6810840932821347,0.0150097183459037
spe_result_ped427_led424_board2.root,2,4,424,427,58.0,1.175,2212.315189783758,112,10.800000000018425,0.0009350532797265387,0.08764552258071857,0.004714325736705743
spe_result_ped427_led424_board3.root,3,4,424,427,58.0,1.175,199.6288685997716,173,11.435634227231661,0.07553061871583733,0.6176198764375862,0.013313183235029002
spe_result_ped427_led425_board0.root,0,4,425,427,58.0,1.17,224.58663247783366,161,11.86725784718801,0.09098766639355294,0.694350273392523,0.015444899042656668
spe_result_ped427_led425_board1.root,1,4,425,427,58.0,1.17,182.9121022180203,158,10.999999999425247,0.029708295801351703,0.6786508691408144,0.02907081284315921
spe_result_ped427_led425_board2.root,2,4,425,427,58.0,1.17,233.90755655497517,100,9.000000000036477,0.004876025747941881,0.3759699808300249,0.007639284947340924
spe_result_ped427_led425_board3.root,3,4,425,427,58.0,1.17,162.87122945070723,150,11.556118938838976,0.09014951379290448,0.6287024083256174,0.014995386304983815
spe_result_ped427_led426_board0.root,0,4,426,427,58.0,1.165,257.73534354194845,157,12.096255991076692,0.4059995666778242,0.6914944565638801,0.014194132392650494
spe_result_ped427_led426_board1.root,1,4,426,427,58.0,1.165,246.57011732130758,148,10.999999998418055,0.13339107251007665,0.7252447500364987,0.011575458636606084
spe_result_ped427_led426_board2.root,2,4,426,427,58.0,1.165,178.32203580105588,97,9.000000000000005,0.006753029833824087,0.4090763106275935,0.009167110332906347
spe_result_ped427_led426_board3.root,3,4,426,427,58.0,1.165,174.11984219200073,140,11.545007264534608,0.08788659238580543,0.6605291060255623,0.01516963617914402
spe_result_ped432_led429_board0.root,0,5,429,432,58.0,1.175,211.77618188167844,176,11.727984122230094,0.09952360587510523,0.6384086569372636,0.016289792220440413
spe_result_ped432_led429_board1.root,1,5,429,432,58.0,1.175,227.0260987978832,185,11.019819283514225,0.07464053873541232,0.6274798289591594,0.014921256012859319
spe_result_ped432_led429_board2.root,2,5,429,432,58.0,1.175,270.20582659508455,166,9.71236129042191,0.06150569731539779,0.6056283341082648,0.014353092261344402
spe_result_ped432_led429_board3.root,3,5,429,432,58.0,1.175,230.42353262555983,142,10.20043090041293,0.11464245999199107,0.5897811758689516,0.019481991197958348
spe_result_ped432_led430_board0.root,0,5,430,432,58.0,1.17,223.81575773177013,165,11.812056403664624,0.1061663001225659,0.6362811266261026,0.01599063581450033
spe_result_ped432_led430_board1.root,1,5,430,432,58.0,1.17,223.46096868541812,167,10.990027427218333,0.0682437244079912,0.6719557550098397,0.0268225663304415
spe_result_ped432_led430_board2.root,2,5,430,432,58.0,1.17,178.32679569732463,155,9.69203425800165,0.0537549337237655,0.6495363224011808,0.012873660323507119
spe_result_ped432_led430_board3.root,3,5,430,432,58.0,1.17,177.17845059297278,140,10.46154663839627,0.10074363618918003,0.5904383445279718,0.01648619102870391
spe_result_ped432_led431_board0.root,0,5,431,432,58.0,1.165,246.96229053980943,159,12.047814578620992,0.10092012745906498,0.6586151120915636,0.015498627465423354
spe_result_ped432_led431_board1.root,1,5,431,432,58.0,1.165,169.90513709782218,155,10.989361556798602,0.14933458804444832,0.7096648470865577,0.015056960847453948
spe_result_ped432_led431_board2.root,2,5,431,432,58.0,1.165,160.09438984958283,143,9.772366010385232,0.061336867354091495,0.7032295808896899,0.014063086315066975
spe_result_ped432_led431_board3.root,3,5,431,432,58.0,1.165,157.3629452319531,128,10.337162243151562,0.14055611707026028,0.6565626698240374,0.02401980738146081
spe_result_ped437_led434_board0.root,0,6,434,437,58.0,1.16,207.61184259616098,141,12.08781832282212,0.2517631694423841,0.7056302919253539,0.01778036916257325
spe_result_ped437_led434_board1.root,1,6,434,437,58.0,1.16,194.85046322759618,155,11.055529321706583,0.10120530265481875,0.8031048051686509,0.01895578107069812
spe_result_ped437_led434_board2.root,2,6,434,437,58.0,1.16,139.9791934992743,117,9.000000000142954,0.018305591488910977,0.5998179087931054,0.01159460636444759
spe_result_ped437_led434_board3.root,3,6,434,437,58.0,1.16,152.3579085129084,134,10.999999999967834,0.014494383264230137,0.6454472246073634,0.011455765535906659
spe_result_ped437_led435_board0.root,0,6,435,437,58.0,1.165,171.1503139272689,163,11.810735959787817,0.12174219782464313,0.6755173996962021,0.019017854839422088
spe_result_ped437_led435_board1.root,1,6,435,437,58.0,1.165,208.46232348300907,166,11.08488602830354,0.0982912219150851,0.7430208868920749,0.016832031582554308
spe_result_ped437_led435_board2.root,2,6,435,437,58.0,1.165,235.11876197039854,128,9.00000000002119,0.009361133316651227,0.5779582767512415,0.011100254350956629
spe_result_ped437_led435_board3.root,3,6,435,437,58.0,1.165,180.05303885125457,150,10.999999988814157,0.028526360513310145,0.5954802796510533,0.012040920177904813
spe_result_ped437_led436_board0.root,0,6,436,437,58.0,1.17,153.71596007445947,164,11.75186845477519,0.12440466870880051,0.6720980623916653,0.03648566798403746
spe_result_ped437_led436_board1.root,1,6,436,437,58.0,1.17,247.94101490416202,179,10.989583640052048,0.07803816494984517,0.7140147771758814,0.01685154215096457
spe_result_ped437_led436_board2.root,2,6,436,437,58.0,1.17,291.85341255332924,139,9.00000000003803,0.03658444549573936,0.48930114914481754,0.009105215269856748
spe_result_ped437_led436_board3.root,3,6,436,437,58.0,1.17,162.95552147956673,161,11.087670034467774,0.07921075988556225,0.5583331482571212,0.014425146743831219
spe_result_ped442_led439_board0.root,0,7,439,442,58.0,1.16,299.875662124613,170,12.024265308575234,0.09714562900869961,0.7534716022937944,0.015061014488476798
spe_result_ped442_led439_board1.root,1,7,439,442,58.0,1.16,180.08555063272095,164,10.932436732905767,0.0832323270942128,0.717564547052676,0.014211515592840729
spe_result_ped442_led439_board2.root,2,7,439,442,58.0,1.16,200.81327115691872,145,9.658029353957732,0.05885178819495884,0.6265535267280326,0.012401510328425458
spe_result_ped442_led439_board3.root,3,7,439,442,58.0,1.16,220.31532738059997,148,11.300518840373805,0.08247096000455745,0.5729280306299674,0.013251161429617409
spe_result_ped442_led440_board0.root,0,7,440,442,58.0,1.155,276.59452002382625,158,12.381997098253944,0.1218578541403268,0.7205953289988364,0.019618925074063986
spe_result_ped442_led440_board1.root,1,7,440,442,58.0,1.155,185.76086315395955,154,10.989688634796414,0.17711252899938046,0.7540257115030298,0.015772253420741178
spe_result_ped442_led440_board2.root,2,7,440,442,58.0,1.155,201.01900722371934,141,9.713791946145651,0.08022190520300843,0.650241922196943,0.014421764858258468
spe_result_ped442_led440_board3.root,3,7,440,442,58.0,1.155,149.3556537282332,139,11.439727462730039,0.09573695845995811,0.6131592922530236,0.023263839015694954
spe_result_ped442_led441_board0.root,0,7,441,442,58.0,1.165,166.49148752369834,171,12.082673104033965,0.13274174478872247,0.6838522935817882,0.015146404119150358
spe_result_ped442_led441_board1.root,1,7,441,442,58.0,1.165,227.61404135521025,168,10.74001402357356,0.07461837548402439,0.7104154241806245,0.01650646513430476
spe_result_ped442_led441_board2.root,2,7,441,442,58.0,1.165,264.76721045358147,155,9.673740451510218,0.06133334234757637,0.5484804225162171,0.013846307589689244
spe_result_ped442_led441_board3.root,3,7,441,442,58.0,1.165,327.2031544298715,161,11.312084869679683,0.0685667696977772,0.5391900148519078,0.013624351493503606
spe_result_ped447_led444_board0.root,0,8,444,447,58.0,1.17,246.49912942863926,162,11.981279892674428,0.08776604177703362,0.6519494642982628,0.013785369991379526
spe_result_ped447_led444_board1.root,1,8,444,447,58.0,1.17,171.4365325173392,154,10.955952431439773,0.06686527875496573,0.6737647960149697,0.012625511498919273
spe_result_ped447_led444_board2.root,2,8,444,447,58.0,1.17,177.56227862796683,141,9.647336801708107,0.06477943999340141,0.6813642098551697,0.013922983730383365
spe_result_ped447_led444_board3.root,3,8,444,447,58.0,1.17,135.48187359225508,140,11.176171176256739,0.10625063707139759,0.6159174037126066,0.016692194588470655
spe_result_ped447_led445_board0.root,0,8,445,447,58.0,1.175,184.8496972703571,170,11.847160563420653,0.11151362025384515,0.6303788843649264,0.017113403652619652
spe_result_ped447_led445_board1.root,1,8,445,447,58.0,1.175,171.20638283104012,157,10.979977881665436,0.06484010030699494,0.6198786077284022,0.013195996404331667
spe_result_ped447_led445_board2.root,2,8,445,447,58.0,1.175,154.02933962478505,145,9.681574359412238,0.07437297199500037,0.6196466048981283,0.016072746242636715
spe_result_ped447_led445_board3.root,3,8,445,447,58.0,1.175,152.71818670199693,152,11.066705297315101,0.07345531420565443,0.5792173685322554,0.013769925078315037
spe_result_ped447_led446_board0.root,0,8,446,447,58.0,1.165,243.79160147817726,146,12.05946408000253,0.0816167934858818,0.6810612514203015,0.013833210354012138
spe_result_ped447_led446_board1.root,1,8,446,447,58.0,1.165,221.18154782819786,144,11.108114546444678,0.09908059002130631,0.6723050877896264,0.016953403240728582
spe_result_ped447_led446_board2.root,2,8,446,447,58.0,1.165,146.44422955835475,128,9.472614141696832,0.1019716819156864,0.736962788831684,0.018568662443699813
spe_result_ped447_led446_board3.root,3,8,446,447,58.0,1.165,157.94186369419648,135,10.999999999999993,0.02447927309343534,0.6707808634634148,0.013407472123772746
spe_result_ped452_led449_board0.root,0,9,449,452,58.0,1.17,201.86043842396933,167,11.609145048501357,0.08242893673897722,0.6740127970346571,0.013898325099313047
spe_result_ped452_led449_board1.root,1,9,449,452,58.0,1.17,266.2633914799821,174,10.999999999637776,0.05728837195396963,0.7665211659174366,0.010043123540830257
spe_result_ped452_led449_board2.root,2,9,449,452,58.0,1.17,226.81039909749097,145,9.039899763231702,0.058509054142108496,0.6297315993763051,0.013061870551720645
spe_result_ped452_led449_board3.root,3,9,449,452,58.0,1.17,236.86220487629402,150,10.425513531295069,0.0765231119036418,0.5837330007587787,0.0135317121879735
spe_result_ped452_led450_board0.root,0,9,450,452,58.0,1.165,161.42390017295799,151,11.718105664997612,0.09992870697010847,0.6963970599594395,0.01717121568526525
spe_result_ped452_led450_board1.root,1,9,450,452,58.0,1.165,270.8211107677707,160,11.095687485378956,0.10782625597060225,0.7641324466663111,0.0181140153463048
spe_result_ped452_led450_board2.root,2,9,450,452,58.0,1.165,146.34986492265776,132,9.037218820902039,0.0936895969926308,0.6633555398093876,0.01947867305898182
spe_result_ped452_led450_board3.root,3,9,450,452,58.0,1.165,155.76112147501266,140,10.4700851173907,0.10977087955818554,0.6256325079751781,0.018305338736773147
spe_result_ped452_led451_board0.root,0,9,451,452,58.0,1.16,196.5779711662308,146,11.850293055708786,0.14053478535271058,0.6956707512756033,0.06217022351710888
spe_result_ped452_led451_board1.root,1,9,451,452,58.0,1.16,323.2339603149153,157,11.358458403284938,0.10608310602252047,0.7895876212124403,0.01790605265525952
spe_result_ped452_led451_board2.root,2,9,451,452,58.0,1.16,135.55169315701366,120,9.075920615440149,0.11288402900316452,0.6779286433265623,0.0205017164395912
spe_result_ped452_led451_board3.root,3,9,451,452,58.0,1.16,128.8952345872075,127,10.546349489081615,0.11564255291130454,0.6615271865352582,0.01976166119289302
spe_result_ped457_led454_board0.root,0,10,454,457,58.0,1.16,340.1656488173482,153,12.006496067301125,0.10340053250890158,0.6822899788051247,0.013567147664091672
spe_result_ped457_led454_board1.root,1,10,454,457,58.0,1.16,225.03897370282388,155,10.999999999652506,0.01583892008589327,0.7516095528326625,0.009064064525286297
spe_result_ped457_led454_board2.root,2,10,454,457,58.0,1.16,180.14785407049874,132,9.000000003223724,0.03300963741468532,0.6575560015113151,0.009696875447720743
spe_result_ped457_led454_board3.root,3,10,454,457,58.0,1.16,211.81120427034978,155,10.592752602184456,0.07765829423129222,0.5970539695752642,0.012940987153732764
spe_result_ped457_led455_board0.root,0,10,455,457,58.0,1.165,259.8303399253803,161,11.69179718969182,0.1116165706942347,0.7047079262817842,0.015145712118794286
spe_result_ped457_led455_board1.root,1,10,455,457,58.0,1.165,202.00487965233245,165,10.999999993614452,0.036802293279395215,0.6992008200480319,0.009187319601483557
spe_result_ped457_led455_board2.root,2,10,455,457,58.0,1.165,237.51557433169174,139,9.000000415023026,0.03266778342249399,0.6079646791857949,0.010448993863326483
spe_result_ped457_led455_board3.root,3,10,455,457,58.0,1.165,331.28393042439353,166,10.725284573777966,0.12440917343638791,0.5226510169925915,0.018973702674547677
spe_result_ped457_led456_board0.root,0,10,456,457,58.0,1.155,410.34777726544746,146,12.099999698326855,0.1101691780986398,0.6923361664708432,0.010203095892492353
spe_result_ped457_led456_board1.root,1,10,456,457,58.0,1.155,315.7705822799281,149,10.999999999999961,0.009395321214430652,0.7690826257190927,0.009817127177264573
spe_result_ped457_led456_board2.root,2,10,456,457,58.0,1.155,155.48186107505032,122,9.10657877433651,0.10164985586572861,0.6800041580803415,0.016799107064660757
spe_result_ped457_led456_board3.root,3,10,456,457,58.0,1.155,131.7828801764298,146,10.361637504594022,0.09796726998180194,0.6695105876471603,0.015418354085024288
spe_result_ped462_led459_board0.root,0,11,459,462,58.0,1.16,217.17542426955276,156,11.858295431994236,0.12360050494554198,0.7041258919799339,0.01758376632276737
spe_result_ped462_led459_board1.root,1,11,459,462,58.0,1.16,182.95914789871875,158,11.218327337468715,0.07927534671790859,0.7434162460714674,0.015790105947789623
spe_result_ped462_led459_board2.root,2,11,459,462,58.0,1.16,194.9669823779775,146,9.660460957098445,0.07125176586530024,0.6855240517370678,0.01567386019667899
spe_result_ped462_led459_board3.root,3,11,459,462,58.0,1.16,249.00086422952288,162,10.624176167930349,0.06488905066551975,0.5300270675086529,0.013632411377735243
spe_result_ped462_led460_board0.root,0,11,460,462,58.0,1.165,170.53778936256603,166,11.58896763761623,0.1153215013112483,0.7113906221915073,0.01874378911751101
spe_result_ped462_led460_board1.root,1,11,460,462,58.0,1.165,222.0245744736983,169,11.079432431263205,0.08371661634881811,0.7231509509170914,0.01710637750543237
spe_result_ped462_led460_board2.root,2,11,460,462,58.0,1.165,214.26880794934235,157,9.574736942798406,0.06713641076907528,0.6470992275444988,0.016597533209439297
spe_result_ped462_led460_board3.root,3,11,460,462,58.0,1.165,256.00922444658624,164,10.732390904117386,0.07013599172663287,0.45229369040839335,0.012413907839944421
spe_result_ped462_led461_board0.root,0,11,461,462,58.0,1.155,283.77849833930867,152,12.099999999993758,0.03906496647848812,0.7287389712827437,0.012746034231612469
spe_result_ped462_led461_board1.root,1,11,461,462,58.0,1.155,188.45411516592992,155,10.999999999999549,0.042204459827609675,0.8201450541673202,0.013452370104377609
spe_result_ped462_led461_board2.root,2,11,461,462,58.0,1.155,153.43611344931566,139,9.652408492847215,0.07490807852374193,0.75688166508837,0.02060779787790057
spe_result_ped462_led461_board3.root,3,11,461,462,58.0,1.155,162.99937325476105,148,10.620041727372952,0.07294191877624812,0.6107754604171183,0.01374775118495819
spe_result_ped467_led464_board0.root,0,12,464,467,58.0,1.17,178.23673936702787,155,11.638710347588772,0.11821454057424319,0.6733084129859703,0.017878683664466655
spe_result_ped467_led464_board1.root,1,12,464,467,58.0,1.17,165.96343499733493,143,10.673028598356325,0.07867076249473026,0.7071516133795709,0.02187404991668207
spe_result_ped467_led464_board2.root,2,12,464,467,58.0,1.17,235.04736186101394,142,9.242178156968913,0.08063055005660758,0.7757944174172773,0.01819397788813404
spe_result_ped467_led464_board3.root,3,12,464,467,58.0,1.17,203.05966536180728,156,11.404378660350243,0.08382638431827871,0.6388173820154242,0.014488630017092774
spe_result_ped467_led465_board0.root,0,12,465,467,58.0,1.175,197.34606165484658,161,11.539886512567238,0.10599356214841649,0.6789834038072214,0.01737950535024918
spe_result_ped467_led465_board1.root,1,12,465,467,58.0,1.175,191.24250964370634,149,10.660883555329013,0.09449692783347263,0.6720481111773474,0.017122485541376187
spe_result_ped467_led465_board2.root,2,12,465,467,58.0,1.175,272.4225698685617,150,9.081729845653667,0.10593989039468799,0.7125055645948299,0.021824110477390135
spe_result_ped467_led465_board3.root,3,12,465,467,58.0,1.175,237.05099749744397,169,11.330475672064372,0.09076292137808206,0.6155014745042618,0.01575261078281165
spe_result_ped467_led466_board0.root,0,12,466,467,58.0,1.165,197.3802260840549,144,11.894183755980084,0.14557163858101063,0.7129798377365659,0.019490122360414808
spe_result_ped467_led466_board1.root,1,12,466,467,58.0,1.165,160.06563129269324,135,10.91187018737632,0.11141469021303596,0.7060438523544306,0.038234128547777135
spe_result_ped467_led466_board2.root,2,12,466,467,58.0,1.165,193.1005636398513,129,9.305421813589438,0.07240319084775759,0.809317445130041,0.01825208764696229
spe_result_ped467_led466_board3.root,3,12,466,467,58.0,1.165,146.80323131612562,150,10.999999982484155,0.01820147156386831,0.742185595923338,0.014025653700877605
spe_result_ped472_led469_board0.root,0,13,469,472,58.0,1.165,148.6832634746488,155,11.654414651405002,0.11057577609793867,0.6842458276017489,0.015844110857180294
spe_result_ped472_led469_board1.root,1,13,469,472,58.0,1.165,173.08667296226983,144,10.870222357006986,0.09603263169110665,0.7371859195786362,0.015968926950295725
spe_result_ped472_led469_board2.root,2,13,469,472,58.0,1.165,189.51158003628038,134,9.188991535968276,0.1097753491648108,0.7155431802659923,0.020227823432178882
spe_result_ped472_led469_board3.root,3,13,469,472,58.0,1.165,175.92173132782668,159,10.947294198421913,0.10570592801959133,0.6194984081840174,0.0165542971505519
spe_result_ped472_led470_board0.root,0,13,470,472,58.0,1.17,183.246274963853,159,11.671059285028909,0.09711912798881794,0.6408794276178003,0.016195553679751007
spe_result_ped472_led470_board1.root,1,13,470,472,58.0,1.17,157.58311501407104,156,10.614588134827091,0.09082099812184108,0.7560628586988433,0.01780654871799242
spe_result_ped472_led470_board2.root,2,13,470,472,58.0,1.17,198.40686667843266,137,9.302032386099105,0.0889740929415046,0.655233728158092,0.017952148755193076
spe_result_ped472_led470_board3.root,3,13,470,472,58.0,1.17,239.42225287338286,170,11.018967017261645,0.07986337363565621,0.529748992001544,0.015573041559819867
spe_result_ped472_led471_board0.root,0,13,471,472,58.0,1.16,178.81239714436154,143,10.999999999432598,0.022517717531856718,0.8039097390766422,0.013932170457972237
spe_result_ped472_led471_board1.root,1,13,471,472,58.0,1.16,189.43101693555298,139,10.999999133955724,0.054758559006343965,0.7836056470747065,0.01377181181684134
spe_result_ped472_led471_board2.root,2,13,471,472,58.0,1.16,179.36426869722357,120,9.29031029945734,0.13186665027168232,0.7345387610500002,0.0257127889330539
spe_result_ped472_led471_board3.root,3,13,471,472,58.0,1.16,170.49053294850822,141,11.022957119510451,0.09131262049185906,0.6424723851810035,0.022122114513223046
spe_result_ped477_led474_board0.root,0,14,474,477,58.0,1.165,245.7006461720325,167,11.793645638163614,0.11478065876054355,0.7566228270321715,0.019016904735280726
spe_result_ped477_led474_board1.root,1,14,474,477,58.0,1.165,200.47897135665454,154,10.737141179839387,0.07277055312340952,0.7212347757081423,0.013094735907806576
spe_result_ped477_led474_board2.root,2,14,474,477,58.0,1.165,188.75415428387277,140,9.197484552057048,0.06560084172334424,0.7290619795243207,0.014397521800466828
spe_result_ped477_led474_board3.root,3,14,474,477,58.0,1.165,348.2973812906533,185,11.243514132855587,0.05819876902452492,0.5993022316326178,0.011899764169726823
spe_result_ped477_led475_board0.root,0,14,475,477,58.0,1.17,164.30279534968926,163,11.590117652240215,0.12463892724305126,0.7364384553759714,0.01987459611253589
spe_result_ped477_led475_board1.root,1,14,475,477,58.0,1.17,172.64381751341682,162,10.740651977886005,0.06920775821158553,0.6934966899984351,0.020106982747087887
spe_result_ped477_led475_board2.root,2,14,475,477,58.0,1.17,269.9852170982712,147,9.190357067808085,0.07592066423068022,0.6581536511317336,0.018224017973305195
spe_result_ped477_led475_board3.root,3,14,475,477,58.0,1.17,362.4407721258895,185,11.127892598152705,0.08292174703339672,0.5432465078749551,0.017256304121541832
spe_result_ped477_led476_board0.root,0,14,476,477,58.0,1.16,234.6403210113836,145,10.999999999970985,0.013644908556185165,0.8999999999647595,0.007309674338172423
spe_result_ped477_led476_board1.root,1,14,476,477,58.0,1.16,229.95701556883213,137,10.918917290923712,0.1244380585185576,0.7293593614320247,0.01862826514065652
spe_result_ped477_led476_board2.root,2,14,476,477,58.0,1.16,194.70869286462965,138,9.156911312874673,0.11269707348937175,0.7285792237191112,0.02107010218245353
spe_result_ped477_led476_board3.root,3,14,476,477,58.0,1.16,233.94923015602606,159,10.999999987864994,0.05479051793266976,0.6703275497309701,0.011923372166448454
spe_result_ped482_led479_board0.root,0,15,479,482,58.0,1.16,142.45719648756122,155,11.832423774943287,0.11248417207339934,0.7006869797235513,0.01661258140595856
spe_result_ped482_led479_board1.root,1,15,479,482,58.0,1.16,167.1081143179054,159,10.86308104345148,0.11515572439012711,0.7466420857481696,0.018594364225203774
spe_result_ped482_led479_board2.root,2,15,479,482,58.0,1.16,182.20527418859731,153,9.821339991159313,0.07748122420959014,0.7606616202261393,0.017003519087689378
spe_result_ped482_led479_board3.root,3,15,479,482,58.0,1.16,233.34528064935117,167,10.822684031992493,0.08706273142769572,0.5665976558640394,0.013493693936239837
spe_result_ped482_led480_board0.root,0,15,480,482,58.0,1.165,159.4093310922881,171,11.667714679000303,0.08972945913299402,0.6784380825734967,0.015225447472920317
spe_result_ped482_led480_board1.root,1,15,480,482,58.0,1.165,187.01644296623758,162,10.743699694470559,0.10065398033898276,0.7525483154814491,0.019276643635921742
spe_result_ped482_led480_board2.root,2,15,480,482,58.0,1.165,218.34508905993079,163,9.768440233935248,0.0740879705983204,0.7027345023068036,0.01690909290511078
spe_result_ped482_led480_board3.root,3,15,480,482,58.0,1.165,332.5155894376413,175,10.865143927111998,0.08465768351655178,0.5030542659737132,0.016110648727685556
spe_result_ped482_led481_board0.root,0,15,481,482,58.0,1.155,254.24509767832538,150,12.099549943788677,1.9058644681694235,0.7149172211290004,0.012753216069151918
spe_result_ped482_led481_board1.root,1,15,481,482,58.0,1.155,261.0027599808716,150,10.984616811877428,0.12373522783185376,0.794725494949168,0.019750419714255008
spe_result_ped482_led481_board2.root,2,15,481,482,58.0,1.155,214.6872099057399,144,10.038129736355735,0.0856088527512906,0.7554301593250576,0.016117450802663358
spe_result_ped482_led481_board3.root,3,15,481,482,58.0,1.155,225.00905505407061,148,10.854968972578984,0.08300377873861109,0.5994913071666917,0.014114517750721423
spe_result_ped487_led484_board0.root,0,-1,484,487,nan,nan,246.16933839301265,121,9.434208583160531,0.10398486122963124,0.47181511494033057,0.014842712526487917
spe_result_ped487_led484_board1.root,1,-1,484,487,nan,nan,218.3208315607939,112,9.021842625926261,0.07618969622012628,0.5119064398410963,0.013519681750981782
spe_result_ped487_led484_board2.root,2,-1,484,487,nan,nan,10324.273933131766,101,10.800000000014707,0.0003330086669617316,4.049484112291814e-11,3.708823665383796e-05
spe_result_ped487_led484_board3.root,3,-1,484,487,nan,nan,24513.68278015583,100,10.800000000103418,0.00013054838957771153,1.6417531396861752e-17,1.1578825055853786e-05
spe_result_ped487_led485_board0.root,0,-1,485,487,nan,nan,7545.8125632361,124,9.58275939419137,0.10399931911453297,0.8321420026621175,0.021463781025353956
spe_result_ped487_led485_board1.root,1,-1,485,487,nan,nan,25175.17683483263,123,10.80000000446317,0.030767451412915925,0.7287060414146412,0.010810631544903582
spe_result_ped487_led485_board2.root,2,-1,485,487,nan,nan,858.5348226567388,108,10.800000000020857,0.0020449727385862815,0.13817264994914982,0.006422656683494232
spe_result_ped487_led485_board3.root,3,-1,485,487,nan,nan,14467.233443679748,109,10.800000000019818,0.00020816664663403373,5.966568303880995e-12,1.8904187070686918e-05
spe_result_ped487_led486_board0.root,0,-1,486,487,nan,nan,169.85137172196562,119,9.086418902612794,0.21572265042550232,0.5428633569202942,0.03457688356553784
spe_result_ped487_led486_board1.root,1,-1,486,487,nan,nan,154.29461927168228,116,9.000000271621808,0.04427339238576966,0.5635093086465418,0.009220309243157698
spe_result_ped487_led486_board2.root,2,-1,486,487,nan,nan,529.9003126341776,95,9.00000000623551,0.01598817397615271,0.41571029965014267,0.007834301050483744
spe_result_ped487_led486_board3.root,3,-1,486,487,nan,nan,33881.88758309861,90,10.800000000000011,0.00010398461486982313,5.549759870410176e-16,9.040530584553557e-06
spe_result_ped492_led489_board0.root,0,-1,489,492,nan,nan,3584.9960013015298,99,10.80000019488025,0.03797990583214084,0.15060591766683515,0.004777323300375863
spe_result_ped492_led489_board1.root,1,-1,489,492,nan,nan,35074.04427970601,96,10.800000000408458,0.01941267043437378,0.36912798972409916,0.00608953749223054
spe_result_ped492_led489_board2.root,2,-1,489,492,nan,nan,2653.9289892089478,87,10.80000000007349,0.0005381778516353464,5.088878854441794e-12,5.409658782123584e-05
spe_result_ped492_led489_board3.root,3,-1,489,492,nan,nan,102183.81542510887,85,10.800000001105259,2.781256437600632e-05,1.6255224290630082e-11,1.991077532521938e-06
spe_result_ped492_led490_board0.root,0,-1,490,492,nan,nan,5211.781504812576,88,10.800000401308811,0.06621819874787693,0.20653262088909718,0.005387706164650716
spe_result_ped492_led490_board1.root,1,-1,490,492,nan,nan,52067.72709676231,87,10.80000031545009,0.3012314138214798,0.44106515401722607,0.008131230097002257
spe_result_ped492_led490_board2.root,2,-1,490,492,nan,nan,2590.023831366205,77,10.800000000457045,0.0005959632264218584,6.85766681770639e-10,8.377314640421805e-05
spe_result_ped492_led490_board3.root,3,-1,490,492,nan,nan,125515.07316638828,76,10.8000000000001,2.2570650293651795e-05,1.1475537317270913e-14,1.8211889227774508e-06
spe_result_ped492_led491_board0.root,0,-1,491,492,nan,nan,2153.503071799486,104,10.800000001985428,0.011954503486382606,0.10993697638024229,0.004323703939186477
spe_result_ped492_led491_board1.root,1,-1,491,492,nan,nan,21518.736279248777,101,10.800000000002395,0.009504349923381561,0.34759370108906684,0.005998098108566552
spe_result_ped492_led491_board2.root,2,-1,491,492,nan,nan,3231.921746444001,93,10.800000000205827,0.0004398805523582183,7.595478957703358e-12,3.6478615433613494e-05
spe_result_ped492_led491_board3.root,3,-1,491,492,nan,nan,77606.2342874539,94,10.800000000014343,3.4287927841880617e-05,8.345231122352907e-12,2.2886471868818323e-06
spe_result_ped497_led494_board0.root,0,-1,494,497,nan,nan,214.6743394465575,173,11.735729775843664,0.07889654692225445,0.7185822842588709,0.014014619442235865
spe_result_ped497_led494_board1.root,1,-1,494,497,nan,nan,226.39390453140894,165,10.981376902753246,0.08880376613216079,0.752262864417853,0.01614921727313301
spe_result_ped497_led494_board2.root,2,-1,494,497,nan,nan,202.04308633855226,141,9.305050632331545,0.08247516011225908,0.7176358706587123,0.01647116940786364
spe_result_ped497_led494_board3.root,3,-1,494,497,nan,nan,230.10251214656088,134,10.36944553488871,0.07186485949461563,0.5947836173794597,0.012048399925624842
spe_result_ped497_led495_board0.root,0,-1,495,497,nan,nan,225.92958819431692,177,11.643176379997069,0.10231257578801234,0.6552348488686046,0.01718226811345369
spe_result_ped497_led495_board1.root,1,-1,495,497,nan,nan,185.1280566503424,167,10.8964382194011,0.07452522982645515,0.7428671076051484,0.016085171922277097
spe_result_ped497_led495_board2.root,2,-1,495,497,nan,nan,229.93573989769033,148,9.000000033455036,0.05518520689358297,0.7756681024741798,0.011663940956685992
spe_result_ped497_led495_board3.root,3,-1,495,497,nan,nan,169.8016070322782,145,10.188198646467871,0.12108104498209826,0.5875198845555054,0.01895439691304379
spe_result_ped497_led496_board0.root,0,-1,496,497,nan,nan,164.66988087709325,152,11.74940465863513,0.12906074355439756,0.7197161097636615,0.01892365161185905
spe_result_ped497_led496_board1.root,1,-1,496,497,nan,nan,233.44166705917627,155,11.046409706986612,0.12443368349354955,0.7865815116255244,0.01973458026158359
spe_result_ped497_led496_board2.root,2,-1,496,497,nan,nan,149.94263112815761,126,9.310350226453147,0.09618931067757508,0.7293286051132746,0.019327273090283426
spe_result_ped497_led496_board3.root,3,-1,496,497,nan,nan,120.35775778069625,127,10.308394527932874,0.14061042090387588,0.6551726368437483,0.020844787309480584
